{"uuids": {"phone_id": "f55b8eb8-052d-44d7-ad9d-ec3dc6b93beb", "uuid": "a8e09df2-2d46-4c73-9b21-3f0b1eb717fc", "client_session_id": "aca93d1a-a42e-41f2-be80-ddf873885398", "advertising_id": "29e389fd-2af9-4d96-aacc-032eba06e5ad", "device_id": "android-fd3447cbd1ac1590"}, "cookie": {"csrftoken": "4XXJ60BaMBKCLLV6iydXXMeArDK20aN6", "ds_user": "noaa1200", "ds_user_id": "1829038915", "ig_direct_region_hint": "ATN", "igfl": "noaa1200", "is_starred_enabled": "yes", "mid": "XlpbyAABAAGyoF6O2FsH-DCg2rnV", "rur": "FTW", "sessionid": "1829038915%3AxYLUXt6i16HO0V%3A29", "shbid": "15168", "shbts": "1582980045.82318", "urlgen": "\"{51.36.34.17: 43766}:1j81gD:QeYHgUAM4zFbrnZ_SyHCLRBHy6Y\""}, "timing_value": {"last_login": 1582980045.9960742, "last_experiments": 1582981034.980841}, "device_settings": {"app_version": "117.0.0.28.123", "android_version": "28", "android_release": "9.0", "dpi": "420dpi", "resolution": "1080x1920", "manufacturer": "OnePlus", "device": "ONEPLUS A3003", "model": "OnePlus3", "cpu": "qcom", "version_code": "180322800"}, "user_agent": "Instagram 117.0.0.28.123 Android (28/9.0; 420dpi; 1080x1920; OnePlus; ONEPLUS A3003; OnePlus3; qcom; en_US; 180322800)"}